{
  "micro": {
    "initial": {
      "n": 1.5002849974835906,
      "beta": 0.4801682153499049,
      "Omega": 0.12202264024475258,
      "k": 2.001156890512815,
      "error": 0.06682216710388376,
      "success": 0.0
    },
    "correction": {
      "delta_n": -0.08491858111372608,
      "delta_n_std": 0.19020777268743097,
      "n_samples": 3.0
    },
    "corrected": {
      "n": 1.5002849974835906,
      "beta": 0.4801682153499049,
      "Omega": 0.12202264024475258,
      "k": 2.001156890512815,
      "error": 0.06682216710388376,
      "success": 0.0,
      "n_corrected": 1.4000327026782922,
      "beta_corrected": 0.5122540960739899,
      "Omega_corrected": 0.11386882298786064,
      "k_corrected": 2.1348785306517506
    }
  },
  "cosmic": {
    "initial": {
      "n": 1.758724531344491,
      "beta": 0.6327081444652916,
      "Omega": 2.1312451684214357,
      "k": 0.640289125133077,
      "error": 0.04686187398017507,
      "success": 1.0
    },
    "correction": {
      "delta_n": -0.0007836338722455594,
      "delta_n_std": 0.11451541046491494,
      "n_samples": 6.0
    },
    "corrected": {
      "n": 1.758724531344491,
      "beta": 0.6327081444652916,
      "Omega": 2.1312451684214357,
      "k": 0.640289125133077,
      "error": 0.04686187398017507,
      "success": 1.0,
      "n_corrected": 1.676307403990783,
      "beta_corrected": 0.6623580337974545,
      "Omega_corrected": 2.0313710259180136,
      "k_corrected": 0.6702942734259398
    }
  },
  "consistency": {
    "delta_n": 0.2762747013124909,
    "delta_beta": 0.15010393772346464,
    "delta_Omega": 1.917502202930153,
    "delta_k": 1.4645842572258108,
    "error_ratio": 0.009228061302579799
  }
}