{
  "base_equation": "D(M,r) = \u221a[\u03c6\u00b7F_n(M)\u00b72^(n(M)+\u03b2(M))\u00b7\u03c6^n(M)\u00b7\u03a9(M)]\u00b7r^k(M)",
  "golden_ratio": 1.618033988749895,
  "scaling_law": {
    "universal_form": "P(M) = \u03b1_P \u00d7 log\u2081\u2080(M/M\u2609) + P\u2080",
    "cubic_alpha_law": "\u03b1(P) = -0.067652P\u00b3 + 0.460612P\u00b2 - 0.915276P + 0.537585",
    "coefficients": {
      "a3": -0.067652,
      "a2": 0.460612,
      "a1": -0.915276,
      "a0": 0.537585
    }
  },
  "parameter_mapping": {
    "n": {
      "position": 1,
      "alpha": 0.015268999999999977
    },
    "beta": {
      "position": 2,
      "alpha": 0.008265000000000189
    },
    "Omega": {
      "position": 3,
      "alpha": 0.11066100000000034
    },
    "k": {
      "position": 4,
      "alpha": -0.08345499999999983
    }
  },
  "validation": {
    "cross_scale_accuracy": 0.996,
    "black_hole_error": 0.087,
    "mass_range_orders": 30
  },
  "critical_points": {
    "minimum": {
      "P": 1.469,
      "between": "n and \u03b2"
    },
    "maximum": {
      "P": 3.07,
      "between": "\u03b2 and \u03a9"
    },
    "inflection": {
      "P": 2.27,
      "at": "parameter transition"
    }
  },
  "predictions": {
    "fifth_parameter": -0.98,
    "example_M50": {
      "mass_solar": 50,
      "parameters": {
        "n": 2.0106725729962065,
        "beta": 1.5057769870858373,
        "Omega": 6.2773487196498285,
        "k": -1.9583325417118622
      },
      "D_1000km": 3.7832795847382414e-05
    }
  }
}