{
  "cubic_equation": {
    "coefficients": {
      "a3": -0.067652,
      "a2": 0.460612,
      "a1": -0.915276,
      "a0": 0.537585
    },
    "equation": "\u03b1(P) = -0.067652P\u00b3 + 0.460612P\u00b2 + -0.915276P + 0.537585"
  },
  "critical_points": {
    "minimum": {
      "P": 1.4689048393075728,
      "alpha": -0.027432577992637763
    },
    "maximum": {
      "P": 3.0701282516086845,
      "alpha": 0.11143678363655285
    },
    "inflection": {
      "P": 2.2695165454581288,
      "alpha": 0.04200210282195771
    }
  },
  "phi_approximation": {
    "a3_phi": -0.0523606797749979,
    "a2_phi": 0.5393446629166316,
    "a1_phi": -1.618033988749895,
    "a0_phi": 0.5393446629166316
  },
  "predictions": {
    "fifth_parameter": {
      "P": 5,
      "predicted_alpha": -0.9799950000000006
    }
  },
  "correlations": {
    "tanh": -0.2130862644213287,
    "sinh": -0.368465335721183,
    "cosh": -0.6810816494743631
  }
}