{
  "phi_framework": {
    "coefficients": {
      "a3": -0.067652,
      "a2": 0.460612,
      "a1": -0.915276,
      "a0": 0.537585
    },
    "r_squared": 0.9999999442026195,
    "rmse": 1.622498073973849e-05,
    "max_error_percent": 0.03631082062682904
  },
  "naive_cubics": {
    "Simple Power": {
      "coefficients": {
        "a3": -0.06666666666666667,
        "a2": 0,
        "a1": 0,
        "a0": 1
      },
      "predictions": [
        0.9333333333333333,
        0.4666666666666667,
        -0.8,
        -3.2666666666666666
      ],
      "errors_percent": [
        6012.602877289498,
        5548.349874929396,
        823.0069860550028,
        3812.878561018945
      ],
      "r_squared": -635.657335831293,
      "max_error_percent": 6012.602877289498
    },
    "Linear+Cubic": {
      "coefficients": {
        "a3": -0.1,
        "a2": 0,
        "a1": 0.5,
        "a0": 0
      },
      "predictions": [
        0.4,
        0.19999999999999996,
        -1.2000000000000002,
        -4.4
      ],
      "errors_percent": [
        2519.686947409785,
        2320.7213749697407,
        1184.5104790825044,
        5170.407857698989
      ],
      "r_squared": -1087.1222535603958,
      "max_error_percent": 5170.407857698989
    },
    "Symmetric": {
      "coefficients": {
        "a3": -0.05,
        "a2": 0.3,
        "a1": -0.6,
        "a0": 0.5
      },
      "predictions": [
        0.15000000000000002,
        0.09999999999999998,
        0.04999999999999982,
        -0.30000000000000027
      ],
      "errors_percent": [
        882.3826052786693,
        1110.3606874848701,
        54.812063371562495,
        259.34599029765855
      ],
      "r_squared": -3.0867924667194533,
      "max_error_percent": 1110.3606874848701
    },
    "Monotonic": {
      "coefficients": {
        "a3": 0,
        "a2": 0,
        "a1": -0.2,
        "a0": 1
      },
      "predictions": [
        0.8,
        0.6,
        0.3999999999999999,
        0.19999999999999996
      ],
      "errors_percent": [
        5139.37389481957,
        7162.164124909222,
        261.5034930275013,
        339.56399353177216
      ],
      "r_squared": -58.879880848322124,
      "max_error_percent": 7162.164124909222
    },
    "Pure Cubic": {
      "coefficients": {
        "a3": -0.067652,
        "a2": 0,
        "a1": 0,
        "a0": 0
      },
      "predictions": [
        -0.067652,
        -0.541216,
        -1.8266040000000001,
        -4.329728
      ],
      "errors_percent": [
        543.0676534154169,
        6650.665698378117,
        1750.8093159450154,
        5086.234652931665
      ],
      "r_squared": -1169.6497489084452,
      "max_error_percent": 6650.665698378117
    }
  },
  "modulation_analysis": [
    {
      "parameter": "\u03b1_n",
      "position": 1,
      "phi_pred": 0.015268999999999977,
      "naive_pred": 0.15000000000000002,
      "modulation": -0.13473100000000005,
      "modulation_percent": -882.3826052786694,
      "actual": 0.015269
    },
    {
      "parameter": "\u03b1_\u03b2",
      "position": 2,
      "phi_pred": 0.008265000000000189,
      "naive_pred": 0.09999999999999998,
      "modulation": -0.09173499999999979,
      "modulation_percent": -1110.3243766642433,
      "actual": 0.008262
    },
    {
      "parameter": "\u03b1_\u03a9",
      "position": 3,
      "phi_pred": 0.11066100000000034,
      "naive_pred": 0.04999999999999982,
      "modulation": 0.06066100000000052,
      "modulation_percent": 54.822908476353625,
      "actual": 0.110649
    },
    {
      "parameter": "\u03b1_k",
      "position": 4,
      "phi_pred": -0.08345499999999983,
      "naive_pred": -0.30000000000000027,
      "modulation": 0.21654500000000043,
      "modulation_percent": -259.38192489668853,
      "actual": -0.083485
    }
  ],
  "advantages": [
    "**PERFECT ACCURACY**: R\u00b2 = 1.000000 (exact fit)",
    "**PHYSICAL MEANING**: Each coefficient relates to \u03c6/\u03c0/e",
    "**SCALE HARMONY**: Works across 30+ orders of magnitude",
    "**PARAMETER ROLES**: Respects quantum vs cosmic behavior",
    "**MATHEMATICAL BEAUTY**: Built-in golden ratio relationships",
    "**PREDICTIVE POWER**: Can extrapolate beyond fitted range"
  ]
}