{
  "unified_parameters": {
    "n": 5.108765932881681,
    "beta": 1.6281939204421803,
    "Omega": 9.931065040018026,
    "k": 0.8966978291900543,
    "error": 0.069278409474045,
    "method": "differential_evolution"
  },
  "scale_errors": {
    "micro": {
      "mean_error": 0.05490759112609006,
      "std_error": 0.03925608263604671,
      "mean_delta_n": -0.016415780283903853,
      "std_delta_n": 0.14150074440011395,
      "n_observations": 3.0
    },
    "bigG": {
      "mean_error": 0.061847261638713895,
      "std_error": 0.0501457684701365,
      "mean_delta_n": -0.004644928164618367,
      "std_delta_n": 0.1680882569431644,
      "n_observations": 6.0
    },
    "black_hole": {
      "mean_error": 0.08681827788521528,
      "std_error": 0.07824063031538879,
      "mean_delta_n": -0.01621610236165536,
      "std_delta_n": 0.23633839059966197,
      "n_observations": 5.0
    }
  },
  "corrected_parameters": {
    "micro": {
      "n": 4.828255901880116,
      "beta": 1.6728940234709926,
      "Omega": 9.658419610686067,
      "k": 0.9114684845207002,
      "base_error": 0.05490759112609006
    },
    "bigG": {
      "n": 4.7928027495798,
      "beta": 1.6785435881402557,
      "Omega": 9.623960451077487,
      "k": 0.9133353207658894,
      "base_error": 0.061847261638713895
    },
    "black_hole": {
      "n": 4.665231672470239,
      "beta": 1.6988724165601639,
      "Omega": 9.49996605784781,
      "k": 0.9200527575841616,
      "base_error": 0.08681827788521528
    }
  },
  "true_black_hole_attributes": [
    {
      "name": "GRS1915+105",
      "M_classical": 14.0,
      "M_true": 11.881138438876942,
      "M_correction": -0.15134725436593272,
      "f_classical": 67.0,
      "f_true": 64.36238903986788,
      "f_correction": -0.039367327763165996,
      "f_framework": 168.5029221052779,
      "final_error": 0.002445577800377197
    },
    {
      "name": "XTEJ1550-564",
      "M_classical": 9.0,
      "M_true": 9.817077233568856,
      "M_correction": 0.09078635928542846,
      "f_classical": 184.0,
      "f_true": 199.95028620213273,
      "f_correction": 0.08668633805506919,
      "f_framework": 199.95028621856517,
      "final_error": 0.001575668505952658
    },
    {
      "name": "GRO J1655-40",
      "M_classical": 6.3,
      "M_true": 6.244347936151788,
      "M_correction": -0.008833660928287527,
      "f_classical": 300.0,
      "f_true": 299.99828502656857,
      "f_correction": -5.716578104776697e-06,
      "f_framework": 299.9982850254638,
      "final_error": 7.803363490131662e-06
    },
    {
      "name": "4U1630-47",
      "M_classical": 10.0,
      "M_true": 10.675216716504222,
      "M_correction": 0.0675216716504222,
      "f_classical": 185.0,
      "f_true": 185.47576349201773,
      "f_correction": 0.0025716945514472097,
      "f_framework": 185.47576354029206,
      "final_error": 0.0004565792358063626
    },
    {
      "name": "H1743-322",
      "M_classical": 12.0,
      "M_true": 12.144873750029783,
      "M_correction": 0.012072812502481897,
      "f_classical": 165.0,
      "f_true": 165.2180413322013,
      "f_correction": 0.0013214626194017897,
      "f_framework": 165.21804132105,
      "final_error": 1.4749974011910413e-05
    }
  ]
}